{
  "train_loss": [
    1.5546309120619475,
    0.7576285022408215,
    0.4777489958414391,
    0.34975610651187045,
    0.28291418792596507,
    0.2682191547173173,
    0.2321657302664287,
    0.21447011561536078,
    0.20863108047798498,
    0.2007200357629292,
    0.19424227969859964,
    0.189653394159986,
    0.18627096868273038,
    0.18404131860875372,
    0.1819419066852598,
    0.17974904224054136,
    0.17832367522503012,
    0.17743178823990607,
    0.17527320336050062,
    0.17409448236671846,
    0.17148066945930027,
    0.17029875072080697,
    0.168698339987157,
    0.16808493857953086,
    0.1659655170654183,
    0.16609825305084683,
    0.16463614577677713,
    0.1633686788046538,
    0.1630030768131142,
    0.16224707151526835,
    0.16248391835547205,
    0.1613323517254929,
    0.16083071147327993,
    0.16051966930503275,
    0.16065553364469043,
    0.1602479183851783,
    0.15987983768555655,
    0.15972870254694527,
    0.15964136328270187,
    0.1590999787423148,
    0.15866288342582646,
    0.15851032978563168,
    0.15839081068537128,
    0.15831483900547028,
    0.15712274499793552,
    0.1574576957457101,
    0.15773638460173536,
    0.15708660011860862,
    0.15701369496423806,
    0.1570264823845963,
    0.1565551977993837,
    0.15646795528148538,
    0.15682360329734746,
    0.15667796957848676,
    0.15620098029499624,
    0.15598476644772202,
    0.15545821323323605,
    0.15533423579450864,
    0.15561915467034526,
    0.15570717493989575,
    0.15550415217876434,
    0.155206010412814,
    0.1550478201303909,
    0.15469503825280204,
    0.1543417637472722,
    0.15444627604377803,
    0.1545269389205904,
    0.1541041037929592,
    0.1540470138859393,
    0.1539913500422862,
    0.15429450905145103,
    0.15382747062996252,
    0.1537686539674873,
    0.15341376457641373,
    0.1523402101957976,
    0.15215930587320187,
    0.15196415515088324,
    0.15184370506165631,
    0.15161563811907128,
    0.15174993472312814,
    0.15158456163619882,
    0.15168343951453023,
    0.15162198378968594,
    0.15154642689583905,
    0.15152094991349463,
    0.1515016722590176,
    0.15095333510370396,
    0.15079984802808336,
    0.15077140282339124,
    0.15075410302005596,
    0.15072463074726844,
    0.15066289545884773,
    0.15057701161548273,
    0.1506444022281846,
    0.1505982940321538,
    0.15057234532797514,
    0.1505859580947392,
    0.15051568755462988,
    0.15056802354641816
  ],
  "val_loss": [
    0.9845302402973175,
    0.5723263993859291,
    0.4009682461619377,
    0.3082459829747677,
    0.2624073475599289,
    0.25110713578760624,
    0.22329949401319027,
    0.2103850357234478,
    0.20523531921207905,
    0.1987235900014639,
    0.19377505593001842,
    0.1897909790277481,
    0.1868726834654808,
    0.18507856875658035,
    0.18247049301862717,
    0.18107368797063828,
    0.18069847859442234,
    0.1777395848184824,
    0.17778104357421398,
    0.1762085221707821,
    0.17429805546998978,
    0.17250352539122105,
    0.1720905900001526,
    0.16980117931962013,
    0.16898981109261513,
    0.16827623546123505,
    0.16750971786677837,
    0.16728107072412968,
    0.16632522828876972,
    0.16634932905435562,
    0.16571253538131714,
    0.1655359733849764,
    0.16432444378733635,
    0.16480020619928837,
    0.16494864597916603,
    0.16409357264637947,
    0.16379021666944027,
    0.1637789998203516,
    0.16381131671369076,
    0.16339061968028545,
    0.1629989705979824,
    0.1632659062743187,
    0.16283275559544563,
    0.16175183653831482,
    0.1617478709667921,
    0.16228994354605675,
    0.16225430369377136,
    0.161868866533041,
    0.161136943846941,
    0.16245134733617306,
    0.16135077364742756,
    0.16062920540571213,
    0.1614996325224638,
    0.1613307148218155,
    0.161010367795825,
    0.1609186865389347,
    0.1603689156472683,
    0.1611168198287487,
    0.1607768703252077,
    0.1610893439501524,
    0.16039617732167244,
    0.16059895232319832,
    0.16016965731978416,
    0.1597569640725851,
    0.1602142807096243,
    0.16074234060943127,
    0.15993081405758858,
    0.15907429344952106,
    0.1597062684595585,
    0.16010482050478458,
    0.15969514846801758,
    0.15922535955905914,
    0.1598429400473833,
    0.15933748334646225,
    0.1584909614175558,
    0.15776481293141842,
    0.15786992199718952,
    0.15781113877892494,
    0.15796033293008804,
    0.15762021951377392,
    0.15830571949481964,
    0.15783053636550903,
    0.15786707028746605,
    0.15792595967650414,
    0.15772218815982342,
    0.15760855935513973,
    0.15710254199802876,
    0.15701988153159618,
    0.15700936876237392,
    0.1569700539112091,
    0.15706764720380306,
    0.15711130946874619,
    0.15683860704302788,
    0.15705040097236633,
    0.15684818848967552,
    0.1570477057248354,
    0.15692573599517345,
    0.15693089365959167,
    0.15695578791201115
  ]
}